{
  "bestBrain": "{\"levels\":[{\"inputs\":[0,0,0,0.07422243480505009,0.49897279211365164],\"outputs\":[0,0,0,0,0,0],\"biases\":[0.0045249434789633655,0.04204567207872779,0.02458371725562819,0.3981596232452774,0.022853021062921017,0.25107084495694754],\"weights\":[[0.00962396491970565,0.3449404158262072,0.05351169003358319,-0.3607160520899238,-0.4647587095804251,-0.35575633692477004],[-0.27595734788024534,0.13810948251543548,-0.08683832042498915,0.19818276905976248,-0.01128514137792009,-0.18597742963607938],[0.06578633369744251,0.07785586077767853,-0.2188246102004228,0.20680499674059,0.0022957979649533,-0.2792328726761129],[0.4370050430863541,0.11180779052220288,0.07494939769409457,0.22597101228853844,-0.29978605392341146,0.13732954961625848],[-0.1069550080844531,-0.3091712872723249,-0.16833661066337158,0.2909257647084471,-0.22349466968759646,-0.37377969621031387]]},{\"inputs\":[0,0,0,0,0,0],\"outputs\":[1,1,1,0],\"biases\":[-0.22404903633930587,-0.17487395728044072,-0.10053629870541532,0.03522928120209119],\"weights\":[[-0.2600266660008597,0.3017071373308675,-0.30397247419282014,-0.08511949055913544],[0.12294617852019409,-0.3299480149744214,0.12456052204532936,0.11439852605245729],[0.2537823601378004,0.2487877140013185,-0.0994012116684981,-0.3590586009761802],[-0.07335566898796043,-0.18005273938771496,0.10614480959244146,0.4308909573789104],[0.3949293267428444,-0.17854678611164615,-0.14230912444491833,0.3732126654267119],[-0.06854313579667673,-0.11152098138097793,-0.2516475867445471,-0.4630602228961467]]}]}"
}
